Timestamp,Wallet,Balance,Symbol,USD Balance,USD Rate,Network,Address,Status,Token
2026-10-04T15:11:44.916Z,Aragon Agent,27582376.158229206,MANA,3034061.3774052127,0.11,Ethereum,0x9a6ebe7e2a7722f8200d0ffb63a1f6406a0d7dce,active,0x0f5d2fb29fb7d3cfee444a200298f468908cc942
2026-10-04T15:11:44.916Z,Aragon Agent,0.7532977266692518,DAI,0.7532977266692518,1,Ethereum,0x9a6ebe7e2a7722f8200d0ffb63a1f6406a0d7dce,active,0x6b175474e89094c44da98b954eedeac495271d0f
2026-10-04T15:11:44.916Z,Aragon Agent,0.253195,USDC,0.253195,1,Ethereum,0x9a6ebe7e2a7722f8200d0ffb63a1f6406a0d7dce,active,0xa0b86991c6218b36c1d19d4a2e9eb0ce3606eb48
2026-10-04T15:11:44.916Z,Aragon Agent,20.4205557379107,WETH,55037.48182481692,2695.2,Ethereum,0x9a6ebe7e2a7722f8200d0ffb63a1f6406a0d7dce,active,0xc02aaa39b223fe8d0a0e5c4f27ead9083c756cc2
2026-10-04T15:11:44.916Z,Aragon Agent,40,USDT,40,1,Ethereum,0x9a6ebe7e2a7722f8200d0ffb63a1f6406a0d7dce,active,0xdac17f958d2ee523a2206206994597c13d831ec7
2026-10-04T15:11:44.916Z,Aragon Agent,0.36478085457991327,ETH,983.6096875234614,2696.44,Ethereum,0x9a6ebe7e2a7722f8200d0ffb63a1f6406a0d7dce,active,0xEeeeeEeeeEeEeeEeEeEeeEEEeeeeEeeeeeeeEEeE
2026-10-04T15:11:44.916Z,Aragon Agent,0.02,MATIC,0.0026000000000000003,0.13,Polygon,0x9a6ebe7e2a7722f8200d0ffb63a1f6406a0d7dce,active,0x0000000000000000000000000000000000001010
2026-10-04T15:11:44.916Z,Aragon Agent,1.57233275,WETH,4237.7512277999995,2695.2,Polygon,0x9a6ebe7e2a7722f8200d0ffb63a1f6406a0d7dce,active,0x7ceb23fd6bc0add59e62ac25578270cff1b9f619
2026-10-04T15:11:44.916Z,Aragon Agent,0.02,MATIC,0.0026000000000000003,0.13,Polygon,0x9a6ebe7e2a7722f8200d0ffb63a1f6406a0d7dce,active,0xEeeeeEeeeEeEeeEeEeEeeEEEeeeeEeeeeeeeEEeE
2026-10-04T15:11:44.916Z,DAO Council Operational Multisig,1049895.5482779695,MANA,115488.51031057665,0.11,Ethereum,0x184e4d9a26add0af1eafc145550e890a421f16d7,active,0x0f5d2fb29fb7d3cfee444a200298f468908cc942
2026-10-04T15:11:44.916Z,DAO Council Operational Multisig,16940,DAI,16940,1,Ethereum,0x184e4d9a26add0af1eafc145550e890a421f16d7,active,0x6b175474e89094c44da98b954eedeac495271d0f
2026-10-04T15:11:44.916Z,DAO Council Operational Multisig,1944,USDC,1944,1,Ethereum,0x184e4d9a26add0af1eafc145550e890a421f16d7,active,0xa0b86991c6218b36c1d19d4a2e9eb0ce3606eb48
2026-10-04T15:11:44.916Z,DAO Council Operational Multisig,70271.262142,USDT,70271.262142,1,Ethereum,0x184e4d9a26add0af1eafc145550e890a421f16d7,active,0xdac17f958d2ee523a2206206994597c13d831ec7
2026-10-04T15:11:44.916Z,DAO Council Operational Multisig,8869.101705653866,MANA,975.6011876219252,0.11,Polygon,0x184e4d9a26add0af1eafc145550e890a421f16d7,active,0xa1c57f48f0deb89f569dfbe6e2b7f46d33606fd4
2026-10-04T15:11:44.916Z,DAO Treasury Management Multisig,14999999.998,MANA,1649999.99978,0.11,Ethereum,0x96e2f6099860731cfdc0af700de862cf6eba4407,active,0x0f5d2fb29fb7d3cfee444a200298f468908cc942
2026-10-04T15:11:44.916Z,DAO Treasury Management Multisig,0.051,ETH,137.51844,2696.44,Ethereum,0x96e2f6099860731cfdc0af700de862cf6eba4407,active,0xEeeeeEeeeEeEeeEeEeEeeEEEeeeeEeeeeeeeEEeE
2026-10-04T15:11:44.916Z,DAO Committee,63880.62651273336,MANA,7026.86891640067,0.11,Ethereum,0x89214c8ca9a49e60a3bfa8e00544f384c93719b1,disputed,0x0f5d2fb29fb7d3cfee444a200298f468908cc942
2026-10-04T15:11:44.916Z,DAO Committee,70580.8032437303,DAI,70580.8032437303,1,Ethereum,0x89214c8ca9a49e60a3bfa8e00544f384c93719b1,disputed,0x6b175474e89094c44da98b954eedeac495271d0f
2026-10-04T15:11:44.916Z,DAO Committee,1e-7,WETH,0.00026952,2695.2,Ethereum,0x89214c8ca9a49e60a3bfa8e00544f384c93719b1,disputed,0xc02aaa39b223fe8d0a0e5c4f27ead9083c756cc2
2026-10-04T15:11:44.916Z,DAO Committee,4421.495202,USDT,4421.495202,1,Ethereum,0x89214c8ca9a49e60a3bfa8e00544f384c93719b1,disputed,0xdac17f958d2ee523a2206206994597c13d831ec7
2026-10-04T15:11:44.916Z,DAO Committee,552.9284795539664,ETH,1490938.4694084972,2696.44,Ethereum,0x89214c8ca9a49e60a3bfa8e00544f384c93719b1,disputed,0xEeeeeEeeeEeEeeEeEeEeeEEEeeeeEeeeeeeeEEeE
2026-10-04T15:11:44.916Z,DAO Committee,89.50229833742742,MATIC,11.635298783865565,0.13,Polygon,0xb08e3e7cc815213304d884c88ca476ebc50eaab2,disputed,0x0000000000000000000000000000000000001010
2026-10-04T15:11:44.916Z,DAO Committee,21.6,USDC,21.6,1,Polygon,0xb08e3e7cc815213304d884c88ca476ebc50eaab2,disputed,0x2791bca1f2de4661ed88a30c99a7a9449aa84174
2026-10-04T15:11:44.916Z,DAO Committee,7.487778579619815,WETH,20181.060827791323,2695.2,Polygon,0xb08e3e7cc815213304d884c88ca476ebc50eaab2,disputed,0x7ceb23fd6bc0add59e62ac25578270cff1b9f619
2026-10-04T15:11:44.916Z,DAO Committee,56.04375,DAI,56.04375,1,Polygon,0xb08e3e7cc815213304d884c88ca476ebc50eaab2,disputed,0x8f3cf7ad23cd3cadbd9735aff958023239c6a063
2026-10-04T15:11:44.916Z,DAO Committee,1812370.394683463,MANA,199360.74341518094,0.11,Polygon,0xb08e3e7cc815213304d884c88ca476ebc50eaab2,disputed,0xa1c57f48f0deb89f569dfbe6e2b7f46d33606fd4
2026-10-04T15:11:44.916Z,DAO Committee,89.50229833742742,MATIC,11.635298783865565,0.13,Polygon,0xb08e3e7cc815213304d884c88ca476ebc50eaab2,disputed,0xEeeeeEeeeEeEeeEeEeEeeEEEeeeeEeeeeeeeEEeE
