Date,Wallet,Network,Type,Tag,Amount,Token,USD Amount,USD Fee,Sender,Transfer From,Transfer To,Block,Hash,Contract
2024-01-03T10:14:59Z,DAO Committee,Polygon,IN,MATIC Marketplace,0.375,MANA,0.201525,0.06569176554537895,0xd8867acb6adf0ad1c1df2d03e6082e188ed826b3,0xd8867acb6adf0ad1c1df2d03e6082e188ed826b3,0xb08e3e7cc815213304d884c88ca476ebc50eaab2,51887700,0x46ab6fa739686669167866310339c421b7580b260ff0f520c0b3857975455661,0xa1c57f48f0deb89f569dfbe6e2b7f46d33606fd4
2024-01-03T09:17:03Z,DAO Committee,Polygon,IN,Curation Fee,9343.084897902972,MANA,5020.973824133057,2.418565322697655,0x5307bc13e6ad3272d081bfe5c904495be5ddfa2a,0x5307bc13e6ad3272d081bfe5c904495be5ddfa2a,0xb08e3e7cc815213304d884c88ca476ebc50eaab2,51886114,0xb4c9bd4f419de0c623786eab712fa3cb7b8d777a0587736c30d0dfa067383c62,0xa1c57f48f0deb89f569dfbe6e2b7f46d33606fd4
2024-01-03T09:15:31Z,DAO Committee,Polygon,IN,Curation Fee,9343.27170916189,MANA,5021.0742165036,1.8736520315186247,0x5307bc13e6ad3272d081bfe5c904495be5ddfa2a,0x5307bc13e6ad3272d081bfe5c904495be5ddfa2a,0xb08e3e7cc815213304d884c88ca476ebc50eaab2,51886086,0xe77b46a1045ae735b2867aa5d209c8f2633db7b293afa13ea347e8c4b40fd821,0xa1c57f48f0deb89f569dfbe6e2b7f46d33606fd4
2024-01-03T06:37:04Z,DAO Committee,Polygon,IN,MATIC Marketplace,0.025,MANA,0.013435,0.04961414374177444,0xbc33faf0a2928d40f59b6872f44aa1544bbdc45f,0xbc33faf0a2928d40f59b6872f44aa1544bbdc45f,0xb08e3e7cc815213304d884c88ca476ebc50eaab2,51881706,0x2d0a0e6fc60d6537a1171aa1e3bdf60204a150776ddb2e59dcdfb2f9db477f8d,0xa1c57f48f0deb89f569dfbe6e2b7f46d33606fd4
2024-01-03T05:03:59Z,Aragon Agent,Ethereum,IN,NAME fee :: MINT,100,MANA,53.74,8.048412029519756,0x0636211443e91468ee3657e1d7faede7059c4843,0x0636211443e91468ee3657e1d7faede7059c4843,0x9a6ebe7e2a7722f8200d0ffb63a1f6406a0d7dce,18924629,0xbd3ddc9f2d36e8fe17af8aeb204c0120268057733ec1ba00bf6ae31c62a111ea,0x0f5d2fb29fb7d3cfee444a200298f468908cc942
2024-01-03T05:01:47Z,Aragon Agent,Ethereum,IN,NAME fee :: MINT,100,MANA,53.74,7.732863988166035,0x0636211443e91468ee3657e1d7faede7059c4843,0x0636211443e91468ee3657e1d7faede7059c4843,0x9a6ebe7e2a7722f8200d0ffb63a1f6406a0d7dce,18924618,0x16df975b44dbdbd344f34d7a8a1a7c81b1577550651d530dfb2a7292ede69a96,0x0f5d2fb29fb7d3cfee444a200298f468908cc942
2024-01-03T05:00:35Z,Aragon Agent,Ethereum,IN,NAME fee :: MINT,100,MANA,53.74,8.01279700653486,0x0636211443e91468ee3657e1d7faede7059c4843,0x0636211443e91468ee3657e1d7faede7059c4843,0x9a6ebe7e2a7722f8200d0ffb63a1f6406a0d7dce,18924612,0xc0f8c281c79f704fe9af1569d2cc5a7364740d43091f90fce977801e724582c5,0x0f5d2fb29fb7d3cfee444a200298f468908cc942
2024-01-03T04:51:51Z,DAO Committee,Polygon,IN,MATIC Marketplace,0.25,MANA,0.13435,0.047073263930506974,0xed038688ecf1193f8d9717eb3930f0bf0d745cb4,0xed038688ecf1193f8d9717eb3930f0bf0d745cb4,0xb08e3e7cc815213304d884c88ca476ebc50eaab2,51878798,0xa4e280693162b4255367f87ec2e56dce556a4f33a1f6c91efd4e887342ee5deb,0xa1c57f48f0deb89f569dfbe6e2b7f46d33606fd4
2024-01-03T04:47:41Z,DAO Committee,Polygon,IN,Curation Fee,753.3243686477924,MANA,404.8365157113236,0.24477071939038644,0xed0e0cb94f60f72ec94bef848f5df4cbd365af1d,0xed0e0cb94f60f72ec94bef848f5df4cbd365af1d,0xb08e3e7cc815213304d884c88ca476ebc50eaab2,51878695,0xb2312538df13b7cea90e7c72b8a2177aeeb7686e1c1c618c4f33cebd4ed71c05,0xa1c57f48f0deb89f569dfbe6e2b7f46d33606fd4
2024-01-03T01:01:23Z,Aragon Agent,Ethereum,IN,OpenSea,0.00625,WETH,14.84441875,13.149839668539999,0x15a2911855184845b5977952262cbb14705a8fbe,0x15a2911855184845b5977952262cbb14705a8fbe,0x9a6ebe7e2a7722f8200d0ffb63a1f6406a0d7dce,18923429,0xfae792b382bd9d30dd6146da4057d27505a7836ed79f87c2f5cc74615437ce2b,0xc02aaa39b223fe8d0a0e5c4f27ead9083c756cc2
2024-01-03T00:57:15Z,DAO Committee,Polygon,IN,MATIC Marketplace,0.25,MANA,0.13435,0.015506938651472114,0xede1d9c80cf40af6ec8e4c174e30afdc55d93ff5,0xede1d9c80cf40af6ec8e4c174e30afdc55d93ff5,0xb08e3e7cc815213304d884c88ca476ebc50eaab2,51872762,0xeb7b9f5f5154ec8b141992f090b613c300e460be90148e1a5f45deafc02dd25f,0xa1c57f48f0deb89f569dfbe6e2b7f46d33606fd4
2024-01-03T00:27:23Z,Aragon Agent,Ethereum,IN,OpenSea,0.00625,WETH,14.84441875,11.641763356237409,0x15a2911855184845b5977952262cbb14705a8fbe,0x15a2911855184845b5977952262cbb14705a8fbe,0x9a6ebe7e2a7722f8200d0ffb63a1f6406a0d7dce,18923259,0x707f17dade48a56caba4a643dfc62fdac802e6d98b19fb6cc0cb8c8a3b2a42af,0xc02aaa39b223fe8d0a0e5c4f27ead9083c756cc2
2024-01-03T00:11:59Z,Aragon Agent,Ethereum,IN,OpenSea,0.000375,WETH,0.8906651250000001,13.587511869033,0x112a9ea866bb364374aa1cda63c18f2907e9e42b,0x112a9ea866bb364374aa1cda63c18f2907e9e42b,0x9a6ebe7e2a7722f8200d0ffb63a1f6406a0d7dce,18923183,0x876950760ce5f47bfb01720a539e6d3d2bc64cd3e1d55ffc37798149a81c2e79,0xc02aaa39b223fe8d0a0e5c4f27ead9083c756cc2
2024-01-02T23:37:54Z,DAO Committee,Polygon,IN,MATIC Marketplace,0.625,MANA,0.335875,0.016868616163515322,0xaabfc54d77f37b4f437d34a3c415c56fafa05370,0xaabfc54d77f37b4f437d34a3c415c56fafa05370,0xb08e3e7cc815213304d884c88ca476ebc50eaab2,51870605,0x834a954a01e071922099f414988ebb7041033f6cd7867b213d747e66f18f5a73,0xa1c57f48f0deb89f569dfbe6e2b7f46d33606fd4
2024-01-02T21:55:59Z,Aragon Agent,Ethereum,IN,NAME fee :: MINT,100,MANA,53.74,14.51982637433712,0xaabfc54d77f37b4f437d34a3c415c56fafa05370,0xaabfc54d77f37b4f437d34a3c415c56fafa05370,0x9a6ebe7e2a7722f8200d0ffb63a1f6406a0d7dce,18922508,0x991b19e8c41547eae2babd5b471e022e1575f8445567cacf283c4adad82ccff1,0x0f5d2fb29fb7d3cfee444a200298f468908cc942
2024-01-02T21:15:19Z,DAO Committee,Polygon,IN,MATIC Marketplace,0.0025,MANA,0.0013435,0.01943637987647309,0x509cdebba232e7b7f603db5c93d1e4f1fed9c6f8,0x509cdebba232e7b7f603db5c93d1e4f1fed9c6f8,0xb08e3e7cc815213304d884c88ca476ebc50eaab2,51866645,0xc6a09eb8279151bb5e8dbd4e23c5889945aeca327bd164af00b0799dd3b823e3,0xa1c57f48f0deb89f569dfbe6e2b7f46d33606fd4
2024-01-02T19:54:51Z,DAO Committee,Polygon,IN,MATIC Marketplace,0.00025,MANA,0.00013435,0.03644757763136515,0x4fd39c9e151e50580779bd04b1f7ecc310079fd3,0x4fd39c9e151e50580779bd04b1f7ecc310079fd3,0xb08e3e7cc815213304d884c88ca476ebc50eaab2,51864449,0x3b68ee9e06a5e20aa2e8f02982d87a7fa17b92e00403f77b48fe41f210125bd1,0xa1c57f48f0deb89f569dfbe6e2b7f46d33606fd4
2024-01-02T19:49:11Z,Aragon Agent,Ethereum,IN,NAME fee :: MINT,100,MANA,53.74,13.206415470002513,0x2a58e988864346c0887fb43be29291890b59e324,0x2a58e988864346c0887fb43be29291890b59e324,0x9a6ebe7e2a7722f8200d0ffb63a1f6406a0d7dce,18921879,0x5e4eb389399e99f1ca4c8be1040a13065d4b985a56368e5b9986d4f70b08667e,0x0f5d2fb29fb7d3cfee444a200298f468908cc942
2024-01-02T19:28:34Z,DAO Committee,Polygon,IN,MATIC Marketplace,0.2,MANA,0.10748,0.027530066894292146,0xaabfc54d77f37b4f437d34a3c415c56fafa05370,0xaabfc54d77f37b4f437d34a3c415c56fafa05370,0xb08e3e7cc815213304d884c88ca476ebc50eaab2,51863750,0xaacb025b770665bdeebe6436dc83035c077d62da3984077e8edc765330644b3b,0xa1c57f48f0deb89f569dfbe6e2b7f46d33606fd4
2024-01-02T19:21:39Z,DAO Committee,Polygon,IN,MATIC Marketplace,0.2,MANA,0.10748,0.02285880784797861,0xaabfc54d77f37b4f437d34a3c415c56fafa05370,0xaabfc54d77f37b4f437d34a3c415c56fafa05370,0xb08e3e7cc815213304d884c88ca476ebc50eaab2,51863570,0x09336c38540c70a72c8db9f92e4ffd30402c7e2fd3bfe5a0920b08accca149b0,0xa1c57f48f0deb89f569dfbe6e2b7f46d33606fd4
2024-01-02T16:34:59Z,DAO Committee,Ethereum,OUT,DAO Committee Payment,4512.728715432968,MANA,2425.1404116736767,7.450552594800421,0x89214c8ca9a49e60a3bfa8e00544f384c93719b1,0x89214c8ca9a49e60a3bfa8e00544f384c93719b1,0x2d83fff2d4ce9f629bd636efccff1662eb206fc4,18920917,0x1310afddce1902f35496b4e5d9822f428851f5f535444934a62008dfcdea9e71,0x0f5d2fb29fb7d3cfee444a200298f468908cc942
2024-01-02T16:34:59Z,DAO Committee,Ethereum,OUT,DAO Committee Payment,4512.728715432968,MANA,2425.1404116736767,7.450552594800421,0x89214c8ca9a49e60a3bfa8e00544f384c93719b1,0x89214c8ca9a49e60a3bfa8e00544f384c93719b1,0x0e7c2d47d79d4026472f4f942c4947937daa94a8,18920917,0x1310afddce1902f35496b4e5d9822f428851f5f535444934a62008dfcdea9e71,0x0f5d2fb29fb7d3cfee444a200298f468908cc942
2024-01-02T16:34:59Z,DAO Committee,Ethereum,OUT,DAO Committee Payment,4512.728715432968,MANA,2425.1404116736767,7.450552594800421,0x89214c8ca9a49e60a3bfa8e00544f384c93719b1,0x89214c8ca9a49e60a3bfa8e00544f384c93719b1,0x521b0fef9cdcf250abaf8e7bc798cbe13fa98692,18920917,0x1310afddce1902f35496b4e5d9822f428851f5f535444934a62008dfcdea9e71,0x0f5d2fb29fb7d3cfee444a200298f468908cc942
2024-01-02T16:31:59Z,DAO Committee,Ethereum,OUT,Curator,435,MANA,231.68099999999998,8.896577758349435,0x89214c8ca9a49e60a3bfa8e00544f384c93719b1,0x89214c8ca9a49e60a3bfa8e00544f384c93719b1,0x5ce9fb617333b8c5a8f7787710f7c07002cb3516,18920902,0xb690506deeef81ca3c21db24f6eac52561dfdd3793969ae75fbbab8f11e8e26e,0x0f5d2fb29fb7d3cfee444a200298f468908cc942
2024-01-02T16:31:59Z,DAO Committee,Ethereum,OUT,Curator,899,MANA,478.8074,8.896577758349435,0x89214c8ca9a49e60a3bfa8e00544f384c93719b1,0x89214c8ca9a49e60a3bfa8e00544f384c93719b1,0x1dec5f50cb1467f505bb3ddfd408805114406b10,18920902,0xb690506deeef81ca3c21db24f6eac52561dfdd3793969ae75fbbab8f11e8e26e,0x0f5d2fb29fb7d3cfee444a200298f468908cc942
2024-01-02T16:31:59Z,DAO Committee,Ethereum,OUT,Curator,1049,MANA,558.6974,8.896577758349435,0x89214c8ca9a49e60a3bfa8e00544f384c93719b1,0x89214c8ca9a49e60a3bfa8e00544f384c93719b1,0x41eb5f82af60873b3c14fedb898a1712f5c35366,18920902,0xb690506deeef81ca3c21db24f6eac52561dfdd3793969ae75fbbab8f11e8e26e,0x0f5d2fb29fb7d3cfee444a200298f468908cc942
2024-01-02T16:31:59Z,DAO Committee,Ethereum,OUT,Curator,754,MANA,401.5804,8.896577758349435,0x89214c8ca9a49e60a3bfa8e00544f384c93719b1,0x89214c8ca9a49e60a3bfa8e00544f384c93719b1,0xa8c7d5818a255a1856b31177e5c96e1d61c83991,18920902,0xb690506deeef81ca3c21db24f6eac52561dfdd3793969ae75fbbab8f11e8e26e,0x0f5d2fb29fb7d3cfee444a200298f468908cc942
2024-01-02T16:31:59Z,DAO Committee,Ethereum,OUT,Curator,238,MANA,126.7588,8.896577758349435,0x89214c8ca9a49e60a3bfa8e00544f384c93719b1,0x89214c8ca9a49e60a3bfa8e00544f384c93719b1,0x862f109696d7121438642a78b3caa38f476db08b,18920902,0xb690506deeef81ca3c21db24f6eac52561dfdd3793969ae75fbbab8f11e8e26e,0x0f5d2fb29fb7d3cfee444a200298f468908cc942
2024-01-02T16:08:23Z,DAO Committee,Ethereum,OUT,OTHER,16500,DAI,16452.15,5.828827347452062,0x89214c8ca9a49e60a3bfa8e00544f384c93719b1,0x89214c8ca9a49e60a3bfa8e00544f384c93719b1,0xed0e0cb94f60f72ec94bef848f5df4cbd365af1d,18920784,0xdeb0c0476bf8ff089b3a0ebe4ac2a12aa27c96d6a83ab7b0a8fa52c5abfefd44,0x6b175474e89094c44da98b954eedeac495271d0f
2024-01-02T13:07:24Z,DAO Committee,Polygon,IN,MATIC Marketplace,0.375,MANA,0.1989,0.042402344977892,0x97aea1b60738d88add4a76f95489f2f690336993,0x97aea1b60738d88add4a76f95489f2f690336993,0xb08e3e7cc815213304d884c88ca476ebc50eaab2,51853518,0x536ec8ac571650cc45999ea59f257b24f7b47dbfb687afb68665c34a8e32291a,0xa1c57f48f0deb89f569dfbe6e2b7f46d33606fd4
2024-01-02T11:37:35Z,Aragon Agent,Ethereum,IN,NAME fee :: MINT,100,MANA,53.99,9.7726229710177,0x0636211443e91468ee3657e1d7faede7059c4843,0x0636211443e91468ee3657e1d7faede7059c4843,0x9a6ebe7e2a7722f8200d0ffb63a1f6406a0d7dce,18919446,0x73d72b6f5c615da39d1d47cdd8fb8279e83d048aca4320f3d7146bce8c90e803,0x0f5d2fb29fb7d3cfee444a200298f468908cc942
2024-01-02T10:43:47Z,Aragon Agent,Ethereum,IN,NAME fee :: MINT,100,MANA,53.99,9.536423440962523,0x0636211443e91468ee3657e1d7faede7059c4843,0x0636211443e91468ee3657e1d7faede7059c4843,0x9a6ebe7e2a7722f8200d0ffb63a1f6406a0d7dce,18919182,0xed601e24de6d1554cef5896f7c95290b8e4f62aad17209929f8e683e8b735eca,0x0f5d2fb29fb7d3cfee444a200298f468908cc942
2024-01-02T10:42:35Z,Aragon Agent,Ethereum,IN,NAME fee :: MINT,100,MANA,53.99,11.778987730504328,0x4fc38b81656edc1663c808f09dff37614a07159a,0x4fc38b81656edc1663c808f09dff37614a07159a,0x9a6ebe7e2a7722f8200d0ffb63a1f6406a0d7dce,18919176,0x25ed23371f041a95242b9292ef80b13f57bd8bfaaa68b3ce4f3b0e103ea71f9b,0x0f5d2fb29fb7d3cfee444a200298f468908cc942
2024-01-02T10:17:35Z,Aragon Agent,Ethereum,IN,Secondary Sale :: LAND fee,47.5,MANA,25.64525,7.374699213852429,0x4197ce1977baf1b44cabe529f365f7e99ae9fbb5,0x4197ce1977baf1b44cabe529f365f7e99ae9fbb5,0x9a6ebe7e2a7722f8200d0ffb63a1f6406a0d7dce,18919051,0x56baa279ab4ec8edf2d1acd760d6f57d9621852ba0a7028302c05b54276cbac2,0x0f5d2fb29fb7d3cfee444a200298f468908cc942
2024-01-02T09:54:11Z,Aragon Agent,Ethereum,IN,NAME fee :: MINT,100,MANA,53.99,12.904125796271815,0x5307bc13e6ad3272d081bfe5c904495be5ddfa2a,0x5307bc13e6ad3272d081bfe5c904495be5ddfa2a,0x9a6ebe7e2a7722f8200d0ffb63a1f6406a0d7dce,18918935,0xb53a475154641db538c713bc4bc9a791ce1061b6951a8ee2a6666776d4b2f29a,0x0f5d2fb29fb7d3cfee444a200298f468908cc942
2024-01-02T09:49:23Z,DAO Committee,Polygon,IN,MATIC Marketplace,0.375,MANA,0.20246250000000002,0.02730467068081484,0xb21f512d604e646050986e4fc0186e5ea2717a56,0xb21f512d604e646050986e4fc0186e5ea2717a56,0xb08e3e7cc815213304d884c88ca476ebc50eaab2,51848010,0x26a4338a611b5fa3f72ecbb08f5af381b42c21b5678b0acb5f6ef4e00a308a98,0xa1c57f48f0deb89f569dfbe6e2b7f46d33606fd4
2024-01-02T04:13:50Z,DAO Committee,Polygon,IN,Curation Fee,183.9587932303164,MANA,99.31935246504783,0.05372317250593993,0x54e93609eb454a1f152edefdf022480794ce2130,0x54e93609eb454a1f152edefdf022480794ce2130,0xb08e3e7cc815213304d884c88ca476ebc50eaab2,51839235,0x730ee98213d9223cf5d14cc647c1cc8c2e0fa54aed2c039caee46198565e3b26,0xa1c57f48f0deb89f569dfbe6e2b7f46d33606fd4
2024-01-02T03:56:07Z,DAO Committee,Polygon,IN,Curation Fee,183.26930820051348,MANA,98.94709949745723,0.05789368173207077,0xd91db432d98d80e9467206cab3b9c46081795f0d,0xd91db432d98d80e9467206cab3b9c46081795f0d,0xb08e3e7cc815213304d884c88ca476ebc50eaab2,51838793,0xbb8755f5545d070cdc901e42ce3370e4b4211d6053cac5eb4e0e8f0a11b1be3c,0xa1c57f48f0deb89f569dfbe6e2b7f46d33606fd4
2024-01-02T01:39:08Z,DAO Committee,Polygon,IN,MATIC Marketplace,0.375,MANA,0.20246250000000002,0.016321214548145332,0xd260421c75ea585cccf5daddb32f415abfe35032,0xd260421c75ea585cccf5daddb32f415abfe35032,0xb08e3e7cc815213304d884c88ca476ebc50eaab2,51835306,0x96dd7b5ca7c669b80169774bfde100a89f0214029b853983b8b9c35ffa923fbc,0xa1c57f48f0deb89f569dfbe6e2b7f46d33606fd4
2024-01-02T01:33:16Z,DAO Committee,Polygon,IN,MATIC Marketplace,0.25,MANA,0.134975,0.019355556438560694,0xd260421c75ea585cccf5daddb32f415abfe35032,0xd260421c75ea585cccf5daddb32f415abfe35032,0xb08e3e7cc815213304d884c88ca476ebc50eaab2,51835155,0xb333658a771d2078754b38d74f9e8d2b455f3927a203cfd36be5e007956dcce9,0xa1c57f48f0deb89f569dfbe6e2b7f46d33606fd4
2024-01-02T01:19:47Z,Aragon Agent,Ethereum,IN,NAME fee :: MINT,100,MANA,53.99,15.168469259798409,0xdfc0c9b6f16044aaa834d47cc3992725934c383e,0xdfc0c9b6f16044aaa834d47cc3992725934c383e,0x9a6ebe7e2a7722f8200d0ffb63a1f6406a0d7dce,18916394,0xe4006f9f7360ce495493b167cb73bb0dee5cd449cb559455a7bf378c5e0aaaa1,0x0f5d2fb29fb7d3cfee444a200298f468908cc942
2024-01-02T01:18:58Z,DAO Committee,Polygon,IN,MATIC Marketplace,0.00025,MANA,0.00013497500000000001,0.015957154518099592,0x857db9dd1d25ead2692db65116860d15ff7e2a0a,0x857db9dd1d25ead2692db65116860d15ff7e2a0a,0xb08e3e7cc815213304d884c88ca476ebc50eaab2,51834800,0x5e52066d315662b0a79c9a6b349c1e10720c545712146414baa9de0abf8a2620,0xa1c57f48f0deb89f569dfbe6e2b7f46d33606fd4
2024-01-02T01:14:23Z,Aragon Agent,Ethereum,IN,NAME fee :: MINT,100,MANA,53.99,14.725093806366038,0xdfc0c9b6f16044aaa834d47cc3992725934c383e,0xdfc0c9b6f16044aaa834d47cc3992725934c383e,0x9a6ebe7e2a7722f8200d0ffb63a1f6406a0d7dce,18916368,0xd7585cf6e7e2ad61b8e63d3bfeb2852934e79dfb15249e42ad6c7eb5b7306c94,0x0f5d2fb29fb7d3cfee444a200298f468908cc942
2024-01-01T23:57:29Z,DAO Committee,Polygon,IN,MATIC Marketplace,0.05,MANA,0.026995000000000005,0.01285111046999284,0x6723dcb07f3ca735223cd1c0acfa62dd994a1bb4,0x6723dcb07f3ca735223cd1c0acfa62dd994a1bb4,0xb08e3e7cc815213304d884c88ca476ebc50eaab2,51832696,0x3188eaaeaeb93fc0a02d9070d08632e8cd48a238d23f289319e814daafa2844c,0xa1c57f48f0deb89f569dfbe6e2b7f46d33606fd4
2024-01-01T21:49:24Z,DAO Committee,Polygon,IN,MATIC Marketplace,0.25,MANA,0.134975,0.014749899813326613,0xa24793319d07844ebbee32f76b41e85bf81321d4,0xa24793319d07844ebbee32f76b41e85bf81321d4,0xb08e3e7cc815213304d884c88ca476ebc50eaab2,51829385,0x7b0ab168e59f588e5544fa70aa87b7bd65002d1569f20aaa43072fc4e77def30,0xa1c57f48f0deb89f569dfbe6e2b7f46d33606fd4
2024-01-01T21:45:59Z,Aragon Agent,Ethereum,IN,NAME fee :: MINT,100,MANA,53.99,7.563732214644786,0x0636211443e91468ee3657e1d7faede7059c4843,0x0636211443e91468ee3657e1d7faede7059c4843,0x9a6ebe7e2a7722f8200d0ffb63a1f6406a0d7dce,18915343,0xaf8ba837a3cbc44cb16b32ebd26c2f66c2008114314c3d145c1e88d17d035158,0x0f5d2fb29fb7d3cfee444a200298f468908cc942
2024-01-01T21:42:11Z,Aragon Agent,Ethereum,IN,NAME fee :: MINT,100,MANA,53.99,7.544137444718896,0x0636211443e91468ee3657e1d7faede7059c4843,0x0636211443e91468ee3657e1d7faede7059c4843,0x9a6ebe7e2a7722f8200d0ffb63a1f6406a0d7dce,18915324,0x268889e1b2014d80de68eeeb30c8ada67dccdf3449d6438bc0517036f899ba89,0x0f5d2fb29fb7d3cfee444a200298f468908cc942
2024-01-01T20:57:35Z,Aragon Agent,Ethereum,IN,NAME fee :: MINT,100,MANA,53.99,13.573101766810668,0x9b818b5bd476ce12c13df5c6a215ca04e8ad7c14,0x9b818b5bd476ce12c13df5c6a215ca04e8ad7c14,0x9a6ebe7e2a7722f8200d0ffb63a1f6406a0d7dce,18915102,0x354bc4768321bd5ee08b45d0b4f1592691a397a5ca8038a92c430cb9da8d8a33,0x0f5d2fb29fb7d3cfee444a200298f468908cc942
2024-01-01T19:52:11Z,Aragon Agent,Ethereum,IN,Secondary Sale :: LAND fee,62.1,MANA,33.52779,6.608927349700459,0xf75cd88c177d6202787ddad867920fa8bbf30a58,0xf75cd88c177d6202787ddad867920fa8bbf30a58,0x9a6ebe7e2a7722f8200d0ffb63a1f6406a0d7dce,18914776,0x70d5527b375d46e17711d3b27755cf6d38fd8925ad7288049eaafb6997b424e1,0x0f5d2fb29fb7d3cfee444a200298f468908cc942
2024-01-01T19:21:03Z,DAO Committee,Polygon,IN,MATIC Marketplace,0.375,MANA,0.20246250000000002,0.013701717851037066,0x26871b48edad35f81901ab9002e656e594397e7d,0x26871b48edad35f81901ab9002e656e594397e7d,0xb08e3e7cc815213304d884c88ca476ebc50eaab2,51825618,0x656bef7ca35238a1807ee845ea9fc46d49bfecc302056804eaa102eed1438dc3,0xa1c57f48f0deb89f569dfbe6e2b7f46d33606fd4
2024-01-01T19:17:51Z,DAO Committee,Polygon,IN,MATIC Marketplace,0.5,MANA,0.26995,0.015307343817869367,0x26871b48edad35f81901ab9002e656e594397e7d,0x26871b48edad35f81901ab9002e656e594397e7d,0xb08e3e7cc815213304d884c88ca476ebc50eaab2,51825528,0x2c4a0b31bb8e8ebc5ef3e08dddf480d4e7f39322fab5463b67b5d23c4bc10534,0xa1c57f48f0deb89f569dfbe6e2b7f46d33606fd4
2024-01-01T17:58:11Z,Aragon Agent,Ethereum,IN,NAME fee :: MINT,100,MANA,53.99,8.5873328206316,0x84c11d40dc3b262928c8e0956aecb09ea3aa6048,0x84c11d40dc3b262928c8e0956aecb09ea3aa6048,0x9a6ebe7e2a7722f8200d0ffb63a1f6406a0d7dce,18914215,0xd64be0860d9007ad7fc19a2d3171a304b67e5f4bdd012c8621fa059891fbf555,0x0f5d2fb29fb7d3cfee444a200298f468908cc942
2024-01-01T17:51:28Z,DAO Committee,Polygon,IN,MATIC Marketplace,0.25,MANA,0.134975,0.01795825901744152,0xecc354a6936b1c16c9aafbda40e7bdc87da58218,0xecc354a6936b1c16c9aafbda40e7bdc87da58218,0xb08e3e7cc815213304d884c88ca476ebc50eaab2,51823452,0x15217a41514f12af14399e35709caed6804be2166710e9e3a325dffc48dd34b0,0xa1c57f48f0deb89f569dfbe6e2b7f46d33606fd4
2024-01-01T17:19:57Z,DAO Committee,Polygon,IN,MATIC Marketplace,0.375,MANA,0.20246250000000002,0.018006658491229025,0x3fdb4640d516f7914106011cf0aea93f46a2b956,0x3fdb4640d516f7914106011cf0aea93f46a2b956,0xb08e3e7cc815213304d884c88ca476ebc50eaab2,51822663,0xa78f19fdbcbd05c03bf1add1679ebde8ee5ac6cbb2887a74490855a19e156169,0xa1c57f48f0deb89f569dfbe6e2b7f46d33606fd4
2024-01-01T15:17:22Z,DAO Committee,Polygon,IN,MATIC Marketplace,0.15,MANA,0.080985,0.02554569297832927,0xbc33faf0a2928d40f59b6872f44aa1544bbdc45f,0xbc33faf0a2928d40f59b6872f44aa1544bbdc45f,0xb08e3e7cc815213304d884c88ca476ebc50eaab2,51819445,0x46deec785f18f73217b2c64f94687b22db1351a4d0be87219600dec543c814b4,0xa1c57f48f0deb89f569dfbe6e2b7f46d33606fd4
2024-01-01T15:14:41Z,DAO Committee,Polygon,IN,MATIC Marketplace,0.25,MANA,0.134975,0.02149383900978352,0xbc33faf0a2928d40f59b6872f44aa1544bbdc45f,0xbc33faf0a2928d40f59b6872f44aa1544bbdc45f,0xb08e3e7cc815213304d884c88ca476ebc50eaab2,51819384,0xc9cbd1db131b20aa4f8726b62c61107e60ee9ae765ffada633ef35f1bd17b6ce,0xa1c57f48f0deb89f569dfbe6e2b7f46d33606fd4
2024-01-01T15:11:59Z,DAO Committee,Polygon,IN,MATIC Marketplace,0.375,MANA,0.20246250000000002,0.018197666298471943,0xbc33faf0a2928d40f59b6872f44aa1544bbdc45f,0xbc33faf0a2928d40f59b6872f44aa1544bbdc45f,0xb08e3e7cc815213304d884c88ca476ebc50eaab2,51819327,0x258d800b236eba229b9aa665bd7397c9322b4822659b252a200edec9b3dd6504,0xa1c57f48f0deb89f569dfbe6e2b7f46d33606fd4
2024-01-01T15:10:39Z,DAO Committee,Polygon,IN,MATIC Marketplace,0.375,MANA,0.20246250000000002,0.018978923374900387,0xbc33faf0a2928d40f59b6872f44aa1544bbdc45f,0xbc33faf0a2928d40f59b6872f44aa1544bbdc45f,0xb08e3e7cc815213304d884c88ca476ebc50eaab2,51819289,0x7fd4a764d83ef09baccf865835be758bf1adb5bf41536029fd5d687318b546eb,0xa1c57f48f0deb89f569dfbe6e2b7f46d33606fd4
2024-01-01T15:08:48Z,DAO Committee,Polygon,IN,MATIC Marketplace,0.275,MANA,0.14847250000000004,0.018478161590558817,0xbc33faf0a2928d40f59b6872f44aa1544bbdc45f,0xbc33faf0a2928d40f59b6872f44aa1544bbdc45f,0xb08e3e7cc815213304d884c88ca476ebc50eaab2,51819248,0x2a80df8a258c0db1cd0e6dfa7a7a119bd50f18f8ca7e8c1d505646a53dd57e75,0xa1c57f48f0deb89f569dfbe6e2b7f46d33606fd4
2024-01-01T15:02:50Z,DAO Committee,Polygon,IN,MATIC Marketplace,0.25,MANA,0.134975,0.01768672318721668,0xbc33faf0a2928d40f59b6872f44aa1544bbdc45f,0xbc33faf0a2928d40f59b6872f44aa1544bbdc45f,0xb08e3e7cc815213304d884c88ca476ebc50eaab2,51819083,0x85c173d3268107346e32146ce0974d441657a1fb3acb8699cd1284f89542aa0f,0xa1c57f48f0deb89f569dfbe6e2b7f46d33606fd4
2024-01-01T15:02:08Z,DAO Committee,Polygon,IN,MATIC Marketplace,0.25,MANA,0.134975,0.017837833654493332,0xbc33faf0a2928d40f59b6872f44aa1544bbdc45f,0xbc33faf0a2928d40f59b6872f44aa1544bbdc45f,0xb08e3e7cc815213304d884c88ca476ebc50eaab2,51819063,0xb35b9be7bd2107897393825fcb113e2a7f591b499479befa964d0e2d18dd1977,0xa1c57f48f0deb89f569dfbe6e2b7f46d33606fd4
2024-01-01T15:01:20Z,DAO Committee,Polygon,IN,MATIC Marketplace,0.25,MANA,0.134975,0.017922108764685123,0xbc33faf0a2928d40f59b6872f44aa1544bbdc45f,0xbc33faf0a2928d40f59b6872f44aa1544bbdc45f,0xb08e3e7cc815213304d884c88ca476ebc50eaab2,51819040,0x553bd7317fdc6b28f68258d59754305d1a4c30e70da1552c64986d8904910796,0xa1c57f48f0deb89f569dfbe6e2b7f46d33606fd4
2024-01-01T15:00:36Z,DAO Committee,Polygon,IN,MATIC Marketplace,0.25,MANA,0.134975,0.019732311503654787,0xbc33faf0a2928d40f59b6872f44aa1544bbdc45f,0xbc33faf0a2928d40f59b6872f44aa1544bbdc45f,0xb08e3e7cc815213304d884c88ca476ebc50eaab2,51819020,0x32cdcab03b8dbd7289c5c826a14adceca5d6aed324132ae52ce1296f6c4a5579,0xa1c57f48f0deb89f569dfbe6e2b7f46d33606fd4
2024-01-01T14:58:45Z,DAO Committee,Polygon,IN,MATIC Marketplace,0.125,MANA,0.0674875,0.017904636029669064,0xbc33faf0a2928d40f59b6872f44aa1544bbdc45f,0xbc33faf0a2928d40f59b6872f44aa1544bbdc45f,0xb08e3e7cc815213304d884c88ca476ebc50eaab2,51818969,0xd18608e754228b39c1a82363b6aec1adefad70067e9f880fc039818a5deb854d,0xa1c57f48f0deb89f569dfbe6e2b7f46d33606fd4
2024-01-01T14:57:58Z,DAO Committee,Polygon,IN,MATIC Marketplace,0.125,MANA,0.0674875,0.018890675618737994,0xbc33faf0a2928d40f59b6872f44aa1544bbdc45f,0xbc33faf0a2928d40f59b6872f44aa1544bbdc45f,0xb08e3e7cc815213304d884c88ca476ebc50eaab2,51818948,0xa721a3b1b962be1e4058b110c8c1372dd3349d38990506648b4e8e10680150a5,0xa1c57f48f0deb89f569dfbe6e2b7f46d33606fd4
2024-01-01T14:57:02Z,DAO Committee,Polygon,IN,MATIC Marketplace,0.125,MANA,0.0674875,0.020570328141885794,0xbc33faf0a2928d40f59b6872f44aa1544bbdc45f,0xbc33faf0a2928d40f59b6872f44aa1544bbdc45f,0xb08e3e7cc815213304d884c88ca476ebc50eaab2,51818922,0x9a929033df3f396f29ed8cc63bec3990b4e4a2f642d11444cf3ec0c74b6dd9e1,0xa1c57f48f0deb89f569dfbe6e2b7f46d33606fd4
2024-01-01T14:56:04Z,DAO Committee,Polygon,IN,MATIC Marketplace,0.125,MANA,0.0674875,0.0210920641713661,0xbc33faf0a2928d40f59b6872f44aa1544bbdc45f,0xbc33faf0a2928d40f59b6872f44aa1544bbdc45f,0xb08e3e7cc815213304d884c88ca476ebc50eaab2,51818896,0x7f01c3b6dc1d479024a49679f6cb9d589b695eba327a6c0e9c9f657e5a401964,0xa1c57f48f0deb89f569dfbe6e2b7f46d33606fd4
2024-01-01T14:53:33Z,DAO Committee,Polygon,IN,MATIC Marketplace,0.025,MANA,0.013497500000000003,0.022559164297129605,0xbc33faf0a2928d40f59b6872f44aa1544bbdc45f,0xbc33faf0a2928d40f59b6872f44aa1544bbdc45f,0xb08e3e7cc815213304d884c88ca476ebc50eaab2,51818826,0xaa9b3bd4f3f827cd2986871d3f31ffd279b539eb1650b0af0f5cccf422966a75,0xa1c57f48f0deb89f569dfbe6e2b7f46d33606fd4
2024-01-01T14:52:43Z,DAO Committee,Polygon,IN,MATIC Marketplace,0.025,MANA,0.013497500000000003,0.0222345592760445,0xbc33faf0a2928d40f59b6872f44aa1544bbdc45f,0xbc33faf0a2928d40f59b6872f44aa1544bbdc45f,0xb08e3e7cc815213304d884c88ca476ebc50eaab2,51818802,0xab8a0b116c3039ed9c0636fa4bcb74712d09ad8a3f130520a754b79d0c9d8918,0xa1c57f48f0deb89f569dfbe6e2b7f46d33606fd4
2024-01-01T14:52:08Z,DAO Committee,Polygon,IN,MATIC Marketplace,0.025,MANA,0.013497500000000003,0.023675174406373144,0xbc33faf0a2928d40f59b6872f44aa1544bbdc45f,0xbc33faf0a2928d40f59b6872f44aa1544bbdc45f,0xb08e3e7cc815213304d884c88ca476ebc50eaab2,51818789,0x77447a57d8c810b5ccf3722f539950aafca19294fe2fad045cee750bfe12e8d6,0xa1c57f48f0deb89f569dfbe6e2b7f46d33606fd4
2024-01-01T14:51:04Z,DAO Committee,Polygon,IN,MATIC Marketplace,0.025,MANA,0.013497500000000003,0.02736821785365994,0xbc33faf0a2928d40f59b6872f44aa1544bbdc45f,0xbc33faf0a2928d40f59b6872f44aa1544bbdc45f,0xb08e3e7cc815213304d884c88ca476ebc50eaab2,51818759,0xecdec20ee60724c784e8b8c30644cf04c6b3cd8b282356dc6d9e7aea05926671,0xa1c57f48f0deb89f569dfbe6e2b7f46d33606fd4
2024-01-01T13:46:39Z,DAO Committee,Polygon,IN,MATIC Marketplace,0.375,MANA,0.20246250000000002,0.034636527813208376,0xeb7a4cb370d318568fafe8e800ba33d875e43133,0xeb7a4cb370d318568fafe8e800ba33d875e43133,0xb08e3e7cc815213304d884c88ca476ebc50eaab2,51816994,0x3f0e0aecd4c872b5f78843fc73683e1a13263701bdf6ea51da6e8904a27185a8,0xa1c57f48f0deb89f569dfbe6e2b7f46d33606fd4
2024-01-01T12:47:31Z,DAO Committee,Polygon,IN,MATIC Marketplace,0.125,MANA,0.0674875,0.030302776144803884,0x682c7a8ede8733c55aa7822d778d047bab6e0481,0x682c7a8ede8733c55aa7822d778d047bab6e0481,0xb08e3e7cc815213304d884c88ca476ebc50eaab2,51815385,0x833f38c2358c74560724e9f620cd4dbbf1f9efc972263c8f520c005e62bd9076,0xa1c57f48f0deb89f569dfbe6e2b7f46d33606fd4
2024-01-01T12:03:31Z,DAO Committee,Polygon,IN,MATIC Marketplace,0.0125,MANA,0.006748750000000001,0.022896449481513505,0xbc33faf0a2928d40f59b6872f44aa1544bbdc45f,0xbc33faf0a2928d40f59b6872f44aa1544bbdc45f,0xb08e3e7cc815213304d884c88ca476ebc50eaab2,51814219,0xf527622674bfefa6e1bac5ae95d8a290687ca699e0a62cb07fc47255c5f1dc0a,0xa1c57f48f0deb89f569dfbe6e2b7f46d33606fd4
2024-01-01T11:49:47Z,Aragon Agent,Ethereum,IN,Secondary Sale :: LAND fee,47.5,MANA,25.64525,4.272608507577685,0x88903c9f6a88ec0ab6da16e6e1885d37ad4bf1b4,0x88903c9f6a88ec0ab6da16e6e1885d37ad4bf1b4,0x9a6ebe7e2a7722f8200d0ffb63a1f6406a0d7dce,18912392,0x7ef8be9f91c2b8d3c345cd6a4c7045d5e13178f8744557dbe9d6608c2cea5c7f,0x0f5d2fb29fb7d3cfee444a200298f468908cc942
2024-01-01T07:44:43Z,DAO Committee,Polygon,IN,MATIC Marketplace,0.5,MANA,0.26040417,0.02002005884925056,0x908deb45650fee2798550f9761099d70324bd887,0x908deb45650fee2798550f9761099d70324bd887,0xb08e3e7cc815213304d884c88ca476ebc50eaab2,51807576,0xb2fb27be01fff14cc23da82fd128257834588fd7512ac24c3506d36cc0895d40,0xa1c57f48f0deb89f569dfbe6e2b7f46d33606fd4
2024-01-01T06:36:28Z,DAO Committee,Polygon,IN,MATIC Marketplace,0.00025,MANA,0.000130202085,0.019575245744950863,0xf57e7f4a8628443d79431ba8d99f66ce8b20e7c2,0xf57e7f4a8628443d79431ba8d99f66ce8b20e7c2,0xb08e3e7cc815213304d884c88ca476ebc50eaab2,51805911,0xc4dd7f44a05fb588b7fc721825a6b73fb1b34e176d172bdf8c42d2c49116d9a2,0xa1c57f48f0deb89f569dfbe6e2b7f46d33606fd4
2024-01-01T05:57:53Z,DAO Committee,Polygon,IN,MATIC Marketplace,0.00025,MANA,0.000130202085,0.011334688457118273,0x4ed043f3ac20610633cc1d0e69c8ed37cd168209,0x4ed043f3ac20610633cc1d0e69c8ed37cd168209,0xb08e3e7cc815213304d884c88ca476ebc50eaab2,51804985,0x04befed7fe3109d54802c785a2741fcd19e33760408ea1590392d75317f204ad,0xa1c57f48f0deb89f569dfbe6e2b7f46d33606fd4
2024-01-01T05:57:53Z,DAO Committee,Polygon,IN,MATIC Marketplace,0.00025,MANA,0.000130202085,0.011334688457118273,0x4ed043f3ac20610633cc1d0e69c8ed37cd168209,0x4ed043f3ac20610633cc1d0e69c8ed37cd168209,0xb08e3e7cc815213304d884c88ca476ebc50eaab2,51804985,0x635b96a16f994204e223d4f5aa948f6a22c5f7127c4faf05f96d78f9e3e79380,0xa1c57f48f0deb89f569dfbe6e2b7f46d33606fd4
2024-01-01T05:57:53Z,DAO Committee,Polygon,IN,MATIC Marketplace,0.00025,MANA,0.000130202085,0.011334688457118273,0x4ed043f3ac20610633cc1d0e69c8ed37cd168209,0x4ed043f3ac20610633cc1d0e69c8ed37cd168209,0xb08e3e7cc815213304d884c88ca476ebc50eaab2,51804985,0xf5615ecf9eefc8865026a37bd78f7c46343e20b12da5421b41b88c644fcb17ba,0xa1c57f48f0deb89f569dfbe6e2b7f46d33606fd4
2024-01-01T05:57:53Z,DAO Committee,Polygon,IN,MATIC Marketplace,0.00025,MANA,0.000130202085,0.011334688457118273,0x4ed043f3ac20610633cc1d0e69c8ed37cd168209,0x4ed043f3ac20610633cc1d0e69c8ed37cd168209,0xb08e3e7cc815213304d884c88ca476ebc50eaab2,51804985,0x56c88b8c4b454f17573d09c3047aa1dee67be387e6cb5c7c8124ddcfb3eb92ec,0xa1c57f48f0deb89f569dfbe6e2b7f46d33606fd4
2024-01-01T05:57:53Z,DAO Committee,Polygon,IN,MATIC Marketplace,0.00025,MANA,0.000130202085,0.011334688457118273,0x4ed043f3ac20610633cc1d0e69c8ed37cd168209,0x4ed043f3ac20610633cc1d0e69c8ed37cd168209,0xb08e3e7cc815213304d884c88ca476ebc50eaab2,51804985,0xc8ced67962653548c28b19462ed3d51b0c84674ea6d4c6587fc3532bc62ecba1,0xa1c57f48f0deb89f569dfbe6e2b7f46d33606fd4
2024-01-01T05:56:05Z,DAO Committee,Polygon,IN,MATIC Marketplace,0.00025,MANA,0.000130202085,0.011334688457118273,0x4ed043f3ac20610633cc1d0e69c8ed37cd168209,0x4ed043f3ac20610633cc1d0e69c8ed37cd168209,0xb08e3e7cc815213304d884c88ca476ebc50eaab2,51804947,0x8dfb4ead56908b5f9f0f2db232010614f089252880b743b3e50a9563677164bf,0xa1c57f48f0deb89f569dfbe6e2b7f46d33606fd4
2024-01-01T05:51:44Z,DAO Committee,Polygon,IN,MATIC Marketplace,0.00025,MANA,0.000130202085,0.011334688457118273,0x4ed043f3ac20610633cc1d0e69c8ed37cd168209,0x4ed043f3ac20610633cc1d0e69c8ed37cd168209,0xb08e3e7cc815213304d884c88ca476ebc50eaab2,51804829,0x6d3e691588f4b278d5db4c3a077b7ff7fb8a59bbda49bf89ffaa8635bc9a743c,0xa1c57f48f0deb89f569dfbe6e2b7f46d33606fd4
2024-01-01T05:51:44Z,DAO Committee,Polygon,IN,MATIC Marketplace,0.00025,MANA,0.000130202085,0.011334688457118273,0x4ed043f3ac20610633cc1d0e69c8ed37cd168209,0x4ed043f3ac20610633cc1d0e69c8ed37cd168209,0xb08e3e7cc815213304d884c88ca476ebc50eaab2,51804829,0x4ab15202ca53966773bf6efe0e64c04b1bf3757a0893440c6737c3257069bf04,0xa1c57f48f0deb89f569dfbe6e2b7f46d33606fd4
2024-01-01T05:51:44Z,DAO Committee,Polygon,IN,MATIC Marketplace,0.00025,MANA,0.000130202085,0.011334688457118273,0x4ed043f3ac20610633cc1d0e69c8ed37cd168209,0x4ed043f3ac20610633cc1d0e69c8ed37cd168209,0xb08e3e7cc815213304d884c88ca476ebc50eaab2,51804829,0xd93567b4d23fe84cca7ce04002364a3cc9060574afb7ba92fb170202b0356cea,0xa1c57f48f0deb89f569dfbe6e2b7f46d33606fd4
2024-01-01T05:51:44Z,DAO Committee,Polygon,IN,MATIC Marketplace,0.00025,MANA,0.000130202085,0.011334688457118273,0x4ed043f3ac20610633cc1d0e69c8ed37cd168209,0x4ed043f3ac20610633cc1d0e69c8ed37cd168209,0xb08e3e7cc815213304d884c88ca476ebc50eaab2,51804829,0xc6bf3cb480866a0f8960e1860542c7a0bd1321f215aff85f7d348df37d68f4a3,0xa1c57f48f0deb89f569dfbe6e2b7f46d33606fd4
2024-01-01T05:51:44Z,DAO Committee,Polygon,IN,MATIC Marketplace,0.00025,MANA,0.000130202085,0.011334688457118273,0x4ed043f3ac20610633cc1d0e69c8ed37cd168209,0x4ed043f3ac20610633cc1d0e69c8ed37cd168209,0xb08e3e7cc815213304d884c88ca476ebc50eaab2,51804829,0xec90017a296edc2841269666a0cdec808788b7eadbb5982a38ee210511c672b9,0xa1c57f48f0deb89f569dfbe6e2b7f46d33606fd4
2024-01-01T05:51:44Z,DAO Committee,Polygon,IN,MATIC Marketplace,0.00025,MANA,0.000130202085,0.011334688457118273,0x4ed043f3ac20610633cc1d0e69c8ed37cd168209,0x4ed043f3ac20610633cc1d0e69c8ed37cd168209,0xb08e3e7cc815213304d884c88ca476ebc50eaab2,51804829,0x801203ba3398c166e995f1563ed2640e8bd3f7bff2f589a2640696681dac5bef,0xa1c57f48f0deb89f569dfbe6e2b7f46d33606fd4
2024-01-01T05:51:44Z,DAO Committee,Polygon,IN,MATIC Marketplace,0.00025,MANA,0.000130202085,0.011334688457118273,0x4ed043f3ac20610633cc1d0e69c8ed37cd168209,0x4ed043f3ac20610633cc1d0e69c8ed37cd168209,0xb08e3e7cc815213304d884c88ca476ebc50eaab2,51804829,0x80c25a8bafbfae702351bffbd72917878f12611d6ce3ed18bb98fcebd8a2f0e5,0xa1c57f48f0deb89f569dfbe6e2b7f46d33606fd4
2024-01-01T05:51:34Z,DAO Committee,Polygon,IN,MATIC Marketplace,0.00025,MANA,0.000130202085,0.011334688457118273,0x4ed043f3ac20610633cc1d0e69c8ed37cd168209,0x4ed043f3ac20610633cc1d0e69c8ed37cd168209,0xb08e3e7cc815213304d884c88ca476ebc50eaab2,51804824,0x2cb714cb2e7843b90e9103633906a90c31c6967c7e97137fa3e5b4425ab6fb25,0xa1c57f48f0deb89f569dfbe6e2b7f46d33606fd4
2024-01-01T05:51:34Z,DAO Committee,Polygon,IN,MATIC Marketplace,0.00025,MANA,0.000130202085,0.011334688457118273,0x4ed043f3ac20610633cc1d0e69c8ed37cd168209,0x4ed043f3ac20610633cc1d0e69c8ed37cd168209,0xb08e3e7cc815213304d884c88ca476ebc50eaab2,51804824,0x15915855afd1d43ca06f4168f2906ed4948088b6f987e85340d04c5cb989f17b,0xa1c57f48f0deb89f569dfbe6e2b7f46d33606fd4
2024-01-01T05:51:34Z,DAO Committee,Polygon,IN,MATIC Marketplace,0.00025,MANA,0.000130202085,0.011334688457118273,0x4ed043f3ac20610633cc1d0e69c8ed37cd168209,0x4ed043f3ac20610633cc1d0e69c8ed37cd168209,0xb08e3e7cc815213304d884c88ca476ebc50eaab2,51804824,0xef896a58a12162fb84315303440a4359c8f9381223c17c5ac4b3cb5d8f46ed93,0xa1c57f48f0deb89f569dfbe6e2b7f46d33606fd4
2024-01-01T05:51:34Z,DAO Committee,Polygon,IN,MATIC Marketplace,0.00025,MANA,0.000130202085,0.011334688457118273,0x4ed043f3ac20610633cc1d0e69c8ed37cd168209,0x4ed043f3ac20610633cc1d0e69c8ed37cd168209,0xb08e3e7cc815213304d884c88ca476ebc50eaab2,51804824,0x30a3dfe22f2bc88a1db36a8261b16a15b1526575c9ae0143fc5bed2c9e31f8f5,0xa1c57f48f0deb89f569dfbe6e2b7f46d33606fd4
2024-01-01T05:51:34Z,DAO Committee,Polygon,IN,MATIC Marketplace,0.00025,MANA,0.000130202085,0.011334688457118273,0x4ed043f3ac20610633cc1d0e69c8ed37cd168209,0x4ed043f3ac20610633cc1d0e69c8ed37cd168209,0xb08e3e7cc815213304d884c88ca476ebc50eaab2,51804824,0x4972b9c3651655fb1b2736bd24a30f807cc6665967743bb7bab4a97a85d631f3,0xa1c57f48f0deb89f569dfbe6e2b7f46d33606fd4
2024-01-01T05:51:34Z,DAO Committee,Polygon,IN,MATIC Marketplace,0.00025,MANA,0.000130202085,0.011334688457118273,0x4ed043f3ac20610633cc1d0e69c8ed37cd168209,0x4ed043f3ac20610633cc1d0e69c8ed37cd168209,0xb08e3e7cc815213304d884c88ca476ebc50eaab2,51804824,0x884fc37a42d553b18083839471f8abff5dbe2e14325ab2ef5e639c7d4c955e59,0xa1c57f48f0deb89f569dfbe6e2b7f46d33606fd4
2024-01-01T05:51:34Z,DAO Committee,Polygon,IN,MATIC Marketplace,0.00025,MANA,0.000130202085,0.011334688457118273,0x4ed043f3ac20610633cc1d0e69c8ed37cd168209,0x4ed043f3ac20610633cc1d0e69c8ed37cd168209,0xb08e3e7cc815213304d884c88ca476ebc50eaab2,51804824,0x949ba68afecee2464699db9b3aff0ed0b9d9c548665bc91bfb4ea7df985daa5b,0xa1c57f48f0deb89f569dfbe6e2b7f46d33606fd4
2024-01-01T05:51:34Z,DAO Committee,Polygon,IN,MATIC Marketplace,0.00025,MANA,0.000130202085,0.011334688457118273,0x4ed043f3ac20610633cc1d0e69c8ed37cd168209,0x4ed043f3ac20610633cc1d0e69c8ed37cd168209,0xb08e3e7cc815213304d884c88ca476ebc50eaab2,51804824,0x5a1828bd921a59a1e600709f1497456fe8968631630f12edeaf6cc18bfd3f0a6,0xa1c57f48f0deb89f569dfbe6e2b7f46d33606fd4
2024-01-01T05:51:34Z,DAO Committee,Polygon,IN,MATIC Marketplace,0.00025,MANA,0.000130202085,0.011334688457118273,0x4ed043f3ac20610633cc1d0e69c8ed37cd168209,0x4ed043f3ac20610633cc1d0e69c8ed37cd168209,0xb08e3e7cc815213304d884c88ca476ebc50eaab2,51804824,0xe244553500c503a6c89ea75e9597bab72e8ce1a34bb18c731ac3697d4a6d5b75,0xa1c57f48f0deb89f569dfbe6e2b7f46d33606fd4
2024-01-01T05:51:34Z,DAO Committee,Polygon,IN,MATIC Marketplace,0.00025,MANA,0.000130202085,0.011334688457118273,0x4ed043f3ac20610633cc1d0e69c8ed37cd168209,0x4ed043f3ac20610633cc1d0e69c8ed37cd168209,0xb08e3e7cc815213304d884c88ca476ebc50eaab2,51804824,0x20a3e07cf0ce9b039b06da0c0e4102f8c87eed309fb5fa5ddd73584681337650,0xa1c57f48f0deb89f569dfbe6e2b7f46d33606fd4
2024-01-01T05:51:34Z,DAO Committee,Polygon,IN,MATIC Marketplace,0.00025,MANA,0.000130202085,0.011334688457118273,0x4ed043f3ac20610633cc1d0e69c8ed37cd168209,0x4ed043f3ac20610633cc1d0e69c8ed37cd168209,0xb08e3e7cc815213304d884c88ca476ebc50eaab2,51804824,0x9e4c74ed0a876678f667c4c9845dd4a7c0a29f8cba92d5869ac54f0a9f224cfd,0xa1c57f48f0deb89f569dfbe6e2b7f46d33606fd4
2024-01-01T05:51:34Z,DAO Committee,Polygon,IN,MATIC Marketplace,0.00025,MANA,0.000130202085,0.011334688457118273,0x4ed043f3ac20610633cc1d0e69c8ed37cd168209,0x4ed043f3ac20610633cc1d0e69c8ed37cd168209,0xb08e3e7cc815213304d884c88ca476ebc50eaab2,51804824,0xfe40de75d2252b15b17408241464fb9ec54a3dd4856e26574ae5ffb88de9dfa4,0xa1c57f48f0deb89f569dfbe6e2b7f46d33606fd4
2024-01-01T05:51:34Z,DAO Committee,Polygon,IN,MATIC Marketplace,0.00025,MANA,0.000130202085,0.011334688457118273,0x4ed043f3ac20610633cc1d0e69c8ed37cd168209,0x4ed043f3ac20610633cc1d0e69c8ed37cd168209,0xb08e3e7cc815213304d884c88ca476ebc50eaab2,51804824,0x5a1e33451afff9f11a13e28c5716a65cd4aacbaf74c2ddd4b3659e5292e97be7,0xa1c57f48f0deb89f569dfbe6e2b7f46d33606fd4
2024-01-01T05:51:34Z,DAO Committee,Polygon,IN,MATIC Marketplace,0.00025,MANA,0.000130202085,0.011334688457118273,0x4ed043f3ac20610633cc1d0e69c8ed37cd168209,0x4ed043f3ac20610633cc1d0e69c8ed37cd168209,0xb08e3e7cc815213304d884c88ca476ebc50eaab2,51804824,0x2d8a1a60b761c640c24fe196b4552595882fc621666c41919642dfa9d621bbd7,0xa1c57f48f0deb89f569dfbe6e2b7f46d33606fd4
2024-01-01T05:51:34Z,DAO Committee,Polygon,IN,MATIC Marketplace,0.00025,MANA,0.000130202085,0.011334688457118273,0x4ed043f3ac20610633cc1d0e69c8ed37cd168209,0x4ed043f3ac20610633cc1d0e69c8ed37cd168209,0xb08e3e7cc815213304d884c88ca476ebc50eaab2,51804824,0x742a2dc9a8b13ec999bf97bec99a4fec12726e069c3a7f190c5572f05145fc0d,0xa1c57f48f0deb89f569dfbe6e2b7f46d33606fd4
2024-01-01T05:51:34Z,DAO Committee,Polygon,IN,MATIC Marketplace,0.00025,MANA,0.000130202085,0.011334688457118273,0x4ed043f3ac20610633cc1d0e69c8ed37cd168209,0x4ed043f3ac20610633cc1d0e69c8ed37cd168209,0xb08e3e7cc815213304d884c88ca476ebc50eaab2,51804824,0x4c54fd47deeeb49e0a7b76e9429d1c5eb4de39c0cfa2e2b1224f0a5dca01074f,0xa1c57f48f0deb89f569dfbe6e2b7f46d33606fd4
2024-01-01T05:42:07Z,DAO Committee,Polygon,IN,MATIC Marketplace,0.00025,MANA,0.000130202085,0.010075278628549575,0x4ed043f3ac20610633cc1d0e69c8ed37cd168209,0x4ed043f3ac20610633cc1d0e69c8ed37cd168209,0xb08e3e7cc815213304d884c88ca476ebc50eaab2,51804612,0x364eafdcfa477555f2f4f10f15b1cba2cb61f89bfc77c9de5cfc8275f079a636,0xa1c57f48f0deb89f569dfbe6e2b7f46d33606fd4
2024-01-01T05:42:07Z,DAO Committee,Polygon,IN,MATIC Marketplace,0.00025,MANA,0.000130202085,0.010075278628549575,0x4ed043f3ac20610633cc1d0e69c8ed37cd168209,0x4ed043f3ac20610633cc1d0e69c8ed37cd168209,0xb08e3e7cc815213304d884c88ca476ebc50eaab2,51804612,0x90fe1841fd1fd3b925c2ede658d4cf2ef68646136a48b743fe7faddf949129f7,0xa1c57f48f0deb89f569dfbe6e2b7f46d33606fd4
2024-01-01T05:42:07Z,DAO Committee,Polygon,IN,MATIC Marketplace,0.00025,MANA,0.000130202085,0.010075278628549575,0x4ed043f3ac20610633cc1d0e69c8ed37cd168209,0x4ed043f3ac20610633cc1d0e69c8ed37cd168209,0xb08e3e7cc815213304d884c88ca476ebc50eaab2,51804612,0xcc7b33e030c176681bfcb4899c2b3043fc739994e366c9783892e407a7f5e96b,0xa1c57f48f0deb89f569dfbe6e2b7f46d33606fd4
2024-01-01T05:42:07Z,DAO Committee,Polygon,IN,MATIC Marketplace,0.00025,MANA,0.000130202085,0.010075278628549575,0x4ed043f3ac20610633cc1d0e69c8ed37cd168209,0x4ed043f3ac20610633cc1d0e69c8ed37cd168209,0xb08e3e7cc815213304d884c88ca476ebc50eaab2,51804612,0x157d71e1ec2c24a06431f77cee82fc83b8c30b138834bf471ed98b0e76399ca3,0xa1c57f48f0deb89f569dfbe6e2b7f46d33606fd4
2024-01-01T05:42:07Z,DAO Committee,Polygon,IN,MATIC Marketplace,0.00025,MANA,0.000130202085,0.010075278628549575,0x4ed043f3ac20610633cc1d0e69c8ed37cd168209,0x4ed043f3ac20610633cc1d0e69c8ed37cd168209,0xb08e3e7cc815213304d884c88ca476ebc50eaab2,51804612,0xa7a94a678a5af2d2b1e92ddcd61b2309e746faba45b94ceee7e4f3c1f7ba00be,0xa1c57f48f0deb89f569dfbe6e2b7f46d33606fd4
2024-01-01T05:42:07Z,DAO Committee,Polygon,IN,MATIC Marketplace,0.00025,MANA,0.000130202085,0.010075278628549575,0x4ed043f3ac20610633cc1d0e69c8ed37cd168209,0x4ed043f3ac20610633cc1d0e69c8ed37cd168209,0xb08e3e7cc815213304d884c88ca476ebc50eaab2,51804612,0xf4eb2a9365c88bad9bdd0b8b097c08246dca664b7689a1e3cc8c76e38bb65ab6,0xa1c57f48f0deb89f569dfbe6e2b7f46d33606fd4
2024-01-01T05:42:07Z,DAO Committee,Polygon,IN,MATIC Marketplace,0.00025,MANA,0.000130202085,0.010075278628549575,0x4ed043f3ac20610633cc1d0e69c8ed37cd168209,0x4ed043f3ac20610633cc1d0e69c8ed37cd168209,0xb08e3e7cc815213304d884c88ca476ebc50eaab2,51804612,0xfe57f63f91129b9fa9ab9b729136eef537a0259a8fd271866b03a182b712bffc,0xa1c57f48f0deb89f569dfbe6e2b7f46d33606fd4
2024-01-01T05:42:07Z,DAO Committee,Polygon,IN,MATIC Marketplace,0.00025,MANA,0.000130202085,0.010075278628549575,0x4ed043f3ac20610633cc1d0e69c8ed37cd168209,0x4ed043f3ac20610633cc1d0e69c8ed37cd168209,0xb08e3e7cc815213304d884c88ca476ebc50eaab2,51804612,0xf978c54b4e38af91a0a6c65c3419abafd4c15f0605f09c0296f40868e11f1e9c,0xa1c57f48f0deb89f569dfbe6e2b7f46d33606fd4
2024-01-01T01:51:36Z,DAO Committee,Polygon,IN,MATIC Marketplace,0.15,MANA,0.07812125099999999,0.10986597505821505,0x4fd39c9e151e50580779bd04b1f7ecc310079fd3,0x4fd39c9e151e50580779bd04b1f7ecc310079fd3,0xb08e3e7cc815213304d884c88ca476ebc50eaab2,51798973,0xc24fb019546dedec4f507dc53dfbcae42a5b32c0ebedf1c171422d82f13bb76d,0xa1c57f48f0deb89f569dfbe6e2b7f46d33606fd4
2024-01-01T01:40:14Z,DAO Committee,Polygon,IN,MATIC Marketplace,0.01125,MANA,0.005859093825,0.023638781764740494,0xd736144c39dac0122d70a2ca6b1725a67b0fc00b,0xd736144c39dac0122d70a2ca6b1725a67b0fc00b,0xb08e3e7cc815213304d884c88ca476ebc50eaab2,51798694,0x1f8d6cbc61caa7d5c4389b74eee66417b4716f50058cb8ff44d18411d36be0a4,0xa1c57f48f0deb89f569dfbe6e2b7f46d33606fd4
2024-01-01T00:43:23Z,DAO Committee,Polygon,IN,MATIC Marketplace,1.75,MANA,0.911414595,0.023686343993553745,0xdb760099f0f3359131e08716848f23c014d35b9e,0xdb760099f0f3359131e08716848f23c014d35b9e,0xb08e3e7cc815213304d884c88ca476ebc50eaab2,51797300,0x5601f800fb777cb9183ecbd95faa90ab7206d0421e02d6514e305b765328301d,0xa1c57f48f0deb89f569dfbe6e2b7f46d33606fd4
